Timestamp,PM2.5 (µg/m³),PM10 (µg/m³),NO (µg/m³),NO2 (µg/m³),NOx (ppb),NH3 (µg/m³),SO2 (µg/m³),CO (mg/m³),Ozone (µg/m³),Benzene (µg/m³),Toluene (µg/m³),Xylene (µg/m³),O Xylene (µg/m³),Eth-Benzene (µg/m³),MP-Xylene (µg/m³),AT (°C),RH (%),WS (m/s),WD (deg),RF (mm),TOT-RF (mm),SR (W/mt2),BP (mmHg),VWS (m/s)
2025-01-01 00:00:00,20.73,48.21,3.78,16.41,20.18,18.98,3.48,0.40,39.99,0.25,0.53,NA,NA,0.12,0.21,24.96,68.50,0.68,74.86,NA,0.00,106.10,805.95,NA
2025-01-02 00:00:00,25.39,56.60,3.79,16.06,19.75,18.61,2.67,0.42,32.01,0.24,0.49,NA,NA,0.13,0.19,24.44,72.36,0.61,83.90,NA,0.00,95.53,821.32,NA
2025-01-03 00:00:00,27.78,65.31,3.73,16.05,19.76,18.49,4.26,0.45,31.37,0.22,0.49,NA,NA,0.14,0.21,24.44,69.22,0.78,74.32,NA,0.00,94.19,831.02,NA
2025-01-04 00:00:00,27.24,60.34,3.77,16.36,20.12,18.96,5.37,0.53,29.91,0.20,0.45,NA,NA,0.13,0.20,24.23,69.26,0.63,83.00,NA,0.00,94.72,821.83,NA
2025-01-05 00:00:00,28.29,60.76,3.63,15.68,19.31,18.26,4.48,0.59,34.93,0.20,0.45,NA,NA,0.12,0.21,24.44,69.13,0.40,87.65,NA,0.00,101.30,821.55,NA
2025-01-06 00:00:00,28.95,59.94,3.86,16.82,20.68,19.32,3.18,0.60,21.70,0.20,0.45,NA,NA,0.13,0.22,24.61,66.20,0.26,105.11,NA,0.00,106.01,802.26,NA
2025-01-07 00:00:00,30.87,63.77,3.70,16.13,19.82,18.68,4.28,0.79,28.09,0.20,0.45,NA,NA,0.13,0.22,24.76,67.67,0.29,92.29,NA,0.00,103.35,807.20,NA
2025-01-08 00:00:00,26.33,57.30,3.77,16.30,20.07,18.90,3.69,0.65,33.43,0.20,0.45,NA,NA,0.13,0.21,24.87,65.35,0.39,103.75,NA,0.00,100.85,810.13,NA
2025-01-09 00:00:00,27.31,59.42,3.67,15.97,19.64,18.53,4.66,0.43,41.56,0.21,0.44,NA,NA,0.13,0.21,22.99,69.79,0.82,71.62,NA,0.00,84.46,837.46,NA
2025-01-10 00:00:00,28.02,62.07,3.75,16.36,20.10,18.85,3.45,0.41,32.03,0.20,0.46,NA,NA,0.14,0.22,23.11,77.63,0.58,79.71,NA,0.00,88.15,827.56,NA
2025-01-11 00:00:00,24.25,54.22,3.68,15.77,19.44,18.40,2.62,0.47,26.35,0.20,0.45,NA,NA,0.13,0.21,23.26,81.93,0.47,78.72,NA,0.00,81.90,829.86,NA
2025-01-12 00:00:00,20.28,51.13,3.71,16.18,19.88,18.70,3.90,0.47,26.38,0.20,0.45,NA,NA,0.13,0.22,24.58,77.13,0.48,85.18,NA,0.00,87.26,830.44,NA
2025-01-13 00:00:00,16.22,40.53,3.70,15.69,19.34,18.25,3.44,0.53,32.89,0.21,0.45,NA,NA,0.13,0.21,24.30,82.40,0.68,80.22,NA,0.00,79.89,830.49,NA
2025-01-14 00:00:00,12.15,36.73,3.87,16.63,20.41,18.91,2.94,0.35,46.50,0.20,0.46,NA,NA,0.13,0.20,26.79,82.23,0.67,75.10,NA,0.00,74.02,839.54,NA
2025-01-15 00:00:00,15.00,37.07,3.74,16.40,20.14,18.74,4.12,0.31,32.31,0.21,0.46,NA,NA,0.14,0.21,23.05,74.30,0.90,80.77,NA,0.00,82.59,839.61,NA
2025-01-16 00:00:00,18.00,45.65,4.27,17.73,21.74,20.05,1.91,0.28,36.16,0.19,0.45,NA,NA,0.13,0.21,22.96,70.22,0.75,88.41,NA,0.00,90.54,834.89,NA
2025-01-17 00:00:00,29.80,60.08,3.80,16.65,20.44,18.96,3.96,0.42,30.44,0.20,0.45,NA,NA,0.12,0.21,24.33,72.40,0.88,79.61,NA,0.00,79.68,838.44,NA
2025-01-18 00:00:00,28.11,63.17,3.61,15.40,19.00,17.98,3.53,0.40,36.50,0.20,0.45,NA,NA,0.14,0.21,26.82,73.10,0.90,76.61,NA,0.00,96.05,812.63,NA
2025-01-19 00:00:00,28.28,59.03,3.76,16.33,20.08,18.84,5.36,0.44,28.22,0.19,0.45,NA,NA,0.12,0.21,26.72,87.19,0.84,64.25,NA,0.00,34.99,790.54,NA
2025-01-20 00:00:00,22.70,48.80,3.96,17.46,21.41,19.86,5.53,0.55,26.34,0.20,0.45,NA,NA,0.14,0.22,26.97,66.53,0.66,66.16,NA,0.00,130.56,809.69,NA
2025-01-21 00:00:00,29.89,61.96,3.78,16.33,20.11,18.95,4.06,0.53,34.00,0.20,0.45,NA,NA,0.13,0.21,25.78,56.66,0.59,90.99,NA,0.00,117.53,831.95,NA
2025-01-22 00:00:00,30.58,62.15,3.83,16.49,20.30,19.00,4.10,0.45,23.70,0.18,0.45,NA,NA,0.12,0.20,24.89,72.45,0.38,84.08,NA,0.00,53.69,822.15,NA
2025-01-23 00:00:00,25.96,55.81,3.70,16.17,19.85,18.52,3.89,0.42,26.11,0.20,0.45,NA,NA,0.13,0.21,26.18,68.71,0.53,86.63,NA,0.00,125.01,825.29,NA
2025-01-24 00:00:00,25.78,54.62,3.90,17.21,21.09,19.59,5.37,0.41,33.44,0.21,0.44,NA,NA,0.13,0.20,26.18,62.08,0.73,124.59,NA,0.00,131.75,823.08,NA
2025-01-25 00:00:00,25.96,57.69,3.75,16.21,19.93,18.70,6.75,0.47,54.32,0.20,0.44,NA,NA,0.13,0.22,27.66,37.45,0.81,83.18,NA,0.00,142.61,826.21,NA
2025-01-26 00:00:00,20.51,46.58,4.06,17.35,21.36,19.92,3.93,0.32,32.80,0.20,0.46,NA,NA,0.12,0.21,25.98,54.38,0.68,87.28,NA,0.00,146.28,836.15,NA
2025-01-27 00:00:00,29.41,60.98,3.81,16.49,20.30,19.13,4.27,0.52,23.62,0.20,0.45,NA,NA,0.12,0.20,26.02,46.12,0.49,89.25,NA,0.00,122.22,837.99,NA
2025-01-28 00:00:00,29.78,61.49,3.79,16.50,20.28,18.89,6.57,0.64,37.85,0.20,0.44,NA,NA,0.13,0.21,25.87,56.28,0.44,84.64,NA,0.00,116.94,826.26,NA
2025-01-29 00:00:00,30.92,65.69,3.74,16.09,19.80,18.65,4.31,0.58,38.81,0.19,0.45,NA,NA,0.14,0.21,26.20,53.35,0.61,92.40,NA,0.00,123.82,829.87,NA
2025-01-30 00:00:00,28.34,61.34,3.89,16.78,20.67,19.33,3.09,0.57,37.00,0.20,0.45,NA,NA,0.14,0.20,26.49,63.77,0.35,102.39,NA,0.00,100.75,821.86,NA
2025-01-31 00:00:00,23.37,51.00,3.84,16.77,20.61,19.26,6.08,0.47,33.18,0.20,0.44,NA,NA,0.13,0.21,27.09,65.22,0.45,111.07,NA,0.00,121.05,813.57,NA
2025-02-01 00:00:00,30.15,66.21,3.79,16.78,20.63,19.38,2.88,0.43,48.68,0.20,0.46,NA,NA,0.12,0.22,27.51,65.64,0.50,102.60,NA,0.00,116.75,792.24,NA
2025-02-02 00:00:00,23.75,53.75,3.68,15.87,19.50,18.21,3.70,0.84,25.09,0.19,0.45,NA,NA,0.14,0.21,27.59,44.50,0.18,154.10,NA,0.00,128.49,797.22,NA
2025-02-03 00:00:00,23.29,54.57,3.87,16.68,20.49,19.09,4.93,0.44,39.22,0.20,0.44,NA,NA,0.12,0.20,26.90,46.25,0.35,109.88,NA,0.00,155.75,806.50,NA
2025-02-04 00:00:00,27.83,61.43,4.15,16.71,20.58,19.30,7.96,0.47,35.49,0.20,0.45,NA,NA,0.13,0.21,26.64,40.30,0.47,106.33,NA,0.00,144.02,843.64,NA
2025-02-05 00:00:00,29.28,63.18,3.78,16.39,20.17,19.00,6.66,0.41,42.59,0.21,0.45,NA,NA,0.12,0.20,26.77,38.51,0.53,116.25,NA,0.00,144.06,843.68,NA
2025-02-06 00:00:00,26.39,58.06,3.70,15.87,19.54,18.44,6.15,0.46,41.09,0.20,0.46,NA,NA,0.13,0.21,26.59,40.87,0.54,104.24,NA,0.00,145.15,829.16,NA
2025-02-07 00:00:00,21.19,50.17,3.92,16.87,20.77,19.44,5.27,0.45,37.53,0.20,0.46,NA,NA,0.13,0.21,26.70,39.23,0.50,100.62,NA,0.00,164.15,800.72,NA
2025-02-08 00:00:00,24.90,52.50,3.82,16.63,20.46,19.23,7.28,0.40,44.15,0.21,0.44,NA,NA,0.13,0.22,26.41,43.34,0.60,116.35,NA,0.00,129.15,800.04,NA
2025-02-09 00:00:00,32.75,63.06,3.61,15.57,19.17,18.13,4.51,0.41,57.71,0.20,0.45,NA,NA,0.13,0.21,26.74,47.45,0.68,96.47,NA,0.00,123.97,801.02,NA
2025-02-10 00:00:00,32.34,66.55,3.72,16.23,19.93,18.66,5.92,0.52,46.44,0.19,0.45,NA,NA,0.12,0.21,26.51,53.15,0.60,86.18,NA,0.00,116.63,798.12,NA
2025-02-11 00:00:00,32.49,64.59,3.75,16.29,20.03,18.86,6.41,0.79,39.17,0.19,0.44,NA,NA,0.14,0.21,26.62,43.81,0.46,119.60,NA,0.00,137.71,808.39,NA
2025-02-12 00:00:00,21.27,44.17,3.65,15.59,19.24,18.29,7.31,0.67,39.73,0.19,0.46,NA,NA,0.12,0.21,26.86,34.21,0.58,118.08,NA,0.00,160.75,818.59,NA
2025-02-13 00:00:00,28.84,60.88,3.72,16.10,19.82,18.57,11.73,0.74,46.55,0.20,0.45,NA,NA,0.13,0.20,27.74,33.05,0.53,110.53,NA,0.00,158.14,810.21,NA
2025-02-14 00:00:00,23.88,55.33,3.64,15.52,19.16,18.23,6.80,0.73,36.46,0.20,0.45,NA,NA,0.13,0.22,29.48,44.71,0.38,133.11,NA,0.00,141.06,805.41,NA
2025-02-15 00:00:00,28.76,63.28,3.75,16.13,19.87,18.76,4.59,0.59,46.10,0.20,0.44,NA,NA,0.13,0.21,30.33,63.30,0.40,167.89,NA,0.00,135.94,805.79,NA
2025-02-16 00:00:00,26.37,59.25,3.95,16.81,20.73,19.48,5.10,0.72,44.08,0.19,0.46,NA,NA,0.13,0.21,29.95,43.09,0.31,92.78,NA,0.00,109.49,811.22,NA
2025-02-17 00:00:00,25.69,52.02,3.75,16.10,19.86,18.76,5.09,0.53,44.02,0.20,0.45,NA,NA,0.14,0.21,30.18,41.18,0.59,98.87,NA,0.00,127.44,818.27,NA
2025-02-18 00:00:00,29.70,61.83,3.81,16.51,20.32,19.00,5.06,0.65,41.02,0.20,0.44,NA,NA,0.13,0.20,30.07,45.44,0.55,107.12,NA,0.00,129.65,805.68,NA
2025-02-19 00:00:00,29.65,61.85,3.70,15.84,19.51,18.43,7.33,0.76,51.98,0.21,0.46,NA,NA,0.14,0.21,31.59,39.57,0.57,118.47,NA,0.00,159.65,819.78,NA
2025-02-20 00:00:00,28.46,58.48,3.93,17.07,20.99,19.59,6.18,0.42,43.85,0.20,0.45,NA,NA,0.13,0.21,30.64,60.15,0.55,141.10,NA,0.00,144.78,815.02,NA
2025-02-21 00:00:00,26.04,54.99,3.56,15.39,18.94,17.82,8.57,0.66,48.04,0.20,0.45,NA,NA,0.14,0.20,30.48,43.41,0.45,91.99,NA,0.00,148.27,812.40,NA
2025-02-22 00:00:00,28.72,58.66,3.68,15.91,19.59,18.52,4.16,0.57,45.68,0.19,0.45,NA,NA,0.13,0.21,30.54,45.33,0.47,92.06,NA,0.00,125.68,802.68,NA
2025-02-23 00:00:00,26.26,57.69,3.73,16.09,19.82,18.76,5.13,0.48,37.02,0.21,0.44,NA,NA,0.13,0.20,30.67,51.89,0.70,98.82,NA,0.00,139.29,799.02,NA
2025-02-24 00:00:00,23.77,52.90,3.55,15.29,18.84,17.96,6.84,0.45,36.51,0.21,0.46,NA,NA,0.13,0.22,30.21,38.68,0.86,87.78,NA,0.00,139.29,800.37,NA
2025-02-25 00:00:00,20.85,47.77,3.76,16.24,20.00,18.85,5.88,0.29,42.30,0.21,0.45,NA,NA,0.14,0.21,30.03,44.66,0.78,83.46,NA,0.00,127.90,802.33,NA
2025-02-26 00:00:00,23.23,49.81,3.65,15.77,19.43,18.36,6.04,0.32,50.09,0.21,0.44,NA,NA,0.12,0.21,30.27,45.69,0.95,75.59,NA,0.00,125.96,800.67,NA
2025-02-27 00:00:00,19.24,47.86,3.72,15.98,19.69,18.62,5.60,0.33,49.89,0.20,0.45,NA,NA,0.14,0.22,30.25,41.94,0.89,76.71,NA,0.00,131.11,803.00,NA
2025-02-28 00:00:00,20.86,49.57,3.85,16.81,20.66,19.32,4.96,0.34,43.67,0.21,0.45,NA,NA,0.13,0.21,30.29,49.52,0.69,82.49,NA,0.00,126.82,802.13,NA
2025-03-01 00:00:00,17.36,42.29,3.66,15.84,19.49,18.41,4.66,0.37,33.86,0.21,0.46,NA,NA,0.13,0.21,30.44,61.28,0.88,77.41,NA,0.00,115.62,812.45,NA
2025-03-02 00:00:00,18.84,45.92,3.91,17.19,21.11,19.69,4.70,0.37,35.03,0.21,0.45,NA,NA,0.13,0.21,30.55,63.25,0.60,97.05,NA,0.00,127.62,823.33,NA
2025-03-03 00:00:00,25.17,55.72,3.73,16.26,20.01,18.77,3.43,0.55,33.58,0.19,0.44,NA,NA,0.13,0.21,30.80,66.26,0.28,153.35,NA,0.00,142.94,829.08,NA
2025-03-04 00:00:00,25.90,56.68,3.78,16.49,20.26,18.95,5.69,0.58,40.73,0.21,0.45,NA,NA,0.13,0.21,31.07,45.15,0.62,99.09,NA,0.00,144.12,826.28,NA
2025-03-05 00:00:00,31.72,64.55,3.73,16.12,19.84,18.72,9.85,0.85,23.45,0.21,0.45,NA,NA,0.12,0.20,30.80,37.98,0.40,136.65,NA,0.00,157.23,835.44,NA
2025-03-06 00:00:00,26.29,56.34,3.70,15.92,19.62,18.54,3.12,0.39,41.25,0.19,0.46,NA,NA,0.13,0.21,30.79,67.66,0.44,173.25,NA,0.00,159.38,836.28,NA
2025-03-07 00:00:00,NA,NA,NA,NA,NA,NA,NA,NA,NA,NA,NA,NA,NA,NA,NA,NA,NA,NA,NA,NA,0.00,NA,NA,NA
2025-03-08 00:00:00,NA,NA,NA,NA,NA,NA,NA,NA,NA,NA,NA,NA,NA,NA,NA,NA,NA,NA,NA,NA,0.00,NA,NA,NA
2025-03-09 00:00:00,NA,NA,NA,NA,NA,NA,NA,NA,NA,NA,NA,NA,NA,NA,NA,NA,NA,NA,NA,NA,0.00,NA,NA,NA
2025-03-10 00:00:00,23.86,59.29,4.16,17.47,21.63,20.16,8.60,0.29,31.39,0.21,0.48,NA,NA,0.20,0.17,32.38,26.27,1.46,60.95,NA,0.00,263.28,826.10,NA
2025-03-11 00:00:00,NA,NA,NA,NA,NA,NA,NA,NA,NA,NA,NA,NA,NA,NA,NA,NA,NA,NA,NA,NA,0.00,NA,NA,NA
2025-03-12 00:00:00,NA,NA,NA,NA,NA,NA,NA,NA,NA,NA,NA,NA,NA,NA,NA,NA,NA,NA,NA,NA,0.00,NA,NA,NA
2025-03-13 00:00:00,NA,NA,NA,NA,NA,NA,NA,NA,NA,NA,NA,NA,NA,NA,NA,NA,NA,NA,NA,NA,0.00,NA,NA,NA
2025-03-14 00:00:00,NA,NA,NA,NA,NA,NA,NA,NA,NA,NA,NA,NA,NA,NA,NA,NA,NA,NA,NA,NA,0.00,NA,NA,NA
2025-03-15 00:00:00,NA,NA,NA,NA,NA,NA,NA,NA,NA,NA,NA,NA,NA,NA,NA,NA,NA,NA,NA,NA,0.00,NA,NA,NA
2025-03-16 00:00:00,NA,NA,NA,NA,NA,NA,NA,NA,NA,NA,NA,NA,NA,NA,NA,NA,NA,NA,NA,NA,0.00,NA,NA,NA
2025-03-17 00:00:00,NA,NA,NA,NA,NA,NA,NA,NA,NA,NA,NA,NA,NA,NA,NA,NA,NA,NA,NA,NA,0.00,NA,NA,NA
2025-03-18 00:00:00,19.80,50.85,4.09,17.99,22.52,20.52,6.47,0.24,93.32,0.20,0.44,NA,NA,0.13,0.21,33.45,28.28,0.98,69.53,NA,0.00,223.90,818.91,NA
2025-03-19 00:00:00,NA,NA,NA,NA,NA,NA,NA,NA,NA,NA,NA,NA,NA,NA,NA,NA,NA,NA,NA,NA,0.00,NA,NA,NA
2025-03-20 00:00:00,NA,NA,NA,NA,NA,NA,NA,NA,NA,NA,NA,NA,NA,NA,NA,NA,NA,NA,NA,NA,0.00,NA,NA,NA
2025-03-21 00:00:00,27.01,64.50,3.59,15.31,18.89,17.98,5.87,0.53,37.68,0.19,0.45,NA,NA,0.15,0.23,31.29,55.23,0.26,181.13,NA,0.00,152.19,804.37,NA
2025-03-22 00:00:00,20.45,53.92,3.76,16.24,19.99,18.87,4.94,0.24,50.15,0.18,0.47,NA,NA,0.13,0.21,30.74,71.77,0.48,161.29,NA,0.00,152.39,804.54,NA
2025-03-23 00:00:00,14.64,37.56,3.82,16.54,20.35,19.12,11.84,0.23,19.50,0.19,0.45,NA,NA,0.13,0.20,29.59,76.37,0.31,156.23,NA,0.00,165.56,851.06,NA
2025-03-24 00:00:00,22.35,53.48,3.86,16.14,19.91,18.81,4.11,0.23,41.64,0.21,0.46,NA,NA,0.13,0.22,30.81,61.00,0.59,107.12,NA,0.00,155.56,838.78,NA
2025-03-25 00:00:00,25.40,55.77,3.75,16.22,19.96,18.84,3.32,0.32,51.32,0.20,0.46,NA,NA,0.12,0.21,31.27,60.86,0.45,155.98,NA,0.00,162.89,788.90,NA
2025-03-26 00:00:00,27.14,57.07,3.68,15.81,19.48,18.44,4.63,0.28,50.90,0.20,0.45,NA,NA,0.13,0.22,31.12,60.59,0.48,173.84,NA,0.00,162.16,788.15,NA
2025-03-27 00:00:00,30.67,64.02,3.95,17.09,21.04,19.70,4.23,0.37,36.72,0.20,0.46,NA,NA,0.13,0.22,31.45,56.86,0.30,188.60,NA,0.00,151.55,788.14,NA
2025-03-28 00:00:00,29.47,62.36,3.79,15.82,19.51,18.48,4.07,0.43,37.94,0.21,0.45,NA,NA,0.13,0.21,31.48,62.49,0.41,173.07,NA,0.00,156.01,784.86,NA
2025-03-29 00:00:00,26.15,58.06,3.67,16.01,19.67,18.46,4.01,0.49,43.14,0.21,0.45,NA,NA,0.13,0.22,31.54,60.00,0.43,176.85,NA,0.00,153.00,765.87,NA
2025-03-30 00:00:00,27.27,60.15,3.81,16.60,20.41,19.15,3.39,0.33,54.13,0.20,0.46,NA,NA,0.13,0.21,31.14,61.95,0.30,178.28,NA,0.00,180.46,807.94,NA
2025-03-31 00:00:00,28.42,60.87,3.83,16.58,20.40,19.16,3.06,0.45,38.27,0.21,0.45,NA,NA,0.14,0.21,31.06,64.19,0.38,186.74,NA,0.00,168.27,805.54,NA
2025-04-01 00:00:00,20.10,55.08,3.61,15.41,19.02,18.09,3.16,0.38,41.87,0.20,0.44,NA,NA,0.13,0.22,31.00,67.83,0.31,176.41,NA,0.00,139.49,809.96,NA
2025-04-02 00:00:00,18.72,47.42,4.11,17.14,21.10,19.78,4.73,0.32,37.54,0.21,0.44,NA,NA,0.13,0.21,30.65,65.26,0.54,200.12,NA,0.00,105.43,814.26,NA
2025-04-03 00:00:00,15.31,41.89,3.73,16.13,19.86,18.68,8.69,0.39,30.57,0.19,0.44,NA,NA,0.12,0.22,30.28,70.22,0.32,173.99,NA,0.00,101.86,852.06,NA
2025-04-04 00:00:00,14.75,47.64,3.76,16.14,19.90,18.75,9.96,0.31,38.43,0.19,0.45,NA,NA,0.12,0.20,30.92,67.03,0.62,113.58,NA,0.00,154.75,832.65,NA
2025-04-05 00:00:00,11.76,35.81,3.77,16.30,20.07,18.98,12.78,0.34,33.68,0.20,0.44,NA,NA,0.14,0.21,30.18,76.31,0.41,142.26,NA,0.00,213.51,786.84,NA
2025-04-06 00:00:00,13.97,39.09,3.89,16.83,20.72,19.45,6.60,0.34,41.39,0.20,0.45,NA,NA,0.12,0.21,30.89,68.89,0.26,155.51,NA,0.00,309.28,790.83,NA
2025-04-07 00:00:00,21.44,55.14,3.86,16.72,20.53,19.31,12.15,0.48,45.56,0.19,0.44,NA,NA,0.14,0.22,31.36,60.02,0.50,119.77,NA,0.00,386.67,820.82,NA
2025-04-08 00:00:00,22.81,54.59,3.63,15.64,19.28,18.24,4.86,0.38,44.40,0.19,0.45,NA,NA,0.12,0.21,31.30,65.78,0.50,153.14,NA,0.00,319.42,835.60,NA
2025-04-09 00:00:00,22.05,53.39,3.68,15.84,19.52,18.46,6.15,0.43,49.50,0.20,0.44,NA,NA,0.13,0.22,31.18,57.96,0.37,166.14,NA,0.00,173.53,842.84,NA
2025-04-10 00:00:00,16.97,50.25,3.70,15.92,19.61,18.59,3.79,0.29,40.34,0.20,0.45,NA,NA,0.12,0.21,30.83,66.24,0.31,269.95,NA,0.00,408.03,834.95,NA
2025-04-11 00:00:00,15.29,52.12,3.78,16.60,20.38,19.24,6.25,0.33,34.94,0.20,0.44,NA,NA,0.13,0.21,30.80,71.28,0.26,247.56,NA,0.00,346.53,819.56,NA
2025-04-12 00:00:00,14.13,51.13,3.76,16.18,19.94,18.73,5.83,0.37,39.96,0.20,0.45,NA,NA,0.12,0.22,30.99,62.86,0.32,234.89,NA,0.00,339.57,829.31,NA
2025-04-13 00:00:00,12.65,42.60,3.66,15.67,19.33,18.32,5.58,0.33,51.49,0.20,0.45,NA,NA,0.13,0.22,31.09,57.21,0.53,140.26,NA,0.00,413.40,850.06,NA
2025-04-14 00:00:00,12.74,42.67,3.69,15.94,19.62,18.59,5.53,0.40,48.88,0.20,0.45,NA,NA,0.13,0.22,31.02,59.63,0.45,146.02,NA,0.00,385.24,827.97,NA
2025-04-15 00:00:00,13.16,47.00,3.77,16.41,20.17,18.87,6.84,0.38,50.39,0.20,0.44,NA,NA,0.13,0.21,31.35,53.47,0.31,150.64,NA,0.00,259.35,804.78,NA
2025-04-16 00:00:00,14.99,47.58,3.66,15.58,19.23,18.28,8.58,0.29,42.96,0.21,0.45,NA,NA,0.14,0.20,31.06,64.84,0.45,190.92,NA,0.00,147.19,804.09,NA
2025-04-17 00:00:00,17.25,49.11,3.71,15.61,19.27,18.30,7.00,0.29,26.99,0.20,0.45,NA,NA,0.13,0.21,30.90,67.23,0.31,198.88,NA,0.00,418.21,802.66,NA
2025-04-18 00:00:00,19.37,54.12,3.84,16.76,20.54,19.18,7.98,0.23,36.06,0.20,0.45,NA,NA,0.13,0.21,30.91,72.25,0.29,245.28,NA,0.00,294.16,806.47,NA
2025-04-19 00:00:00,17.48,45.35,3.82,16.53,20.32,19.03,7.71,0.27,33.38,0.21,0.44,NA,NA,0.13,0.21,31.13,62.09,0.26,238.61,NA,0.00,326.48,841.86,NA
2025-04-20 00:00:00,13.41,42.40,3.78,16.24,20.01,18.91,10.18,0.20,25.68,0.20,0.45,NA,NA,0.12,0.22,30.53,78.82,0.30,226.61,NA,0.00,378.66,802.85,NA
2025-04-21 00:00:00,13.95,48.38,3.78,16.34,20.12,18.97,5.86,0.34,40.11,0.20,0.45,NA,NA,0.13,0.21,31.27,65.10,0.29,154.72,NA,0.00,393.77,810.08,NA
2025-04-22 00:00:00,16.45,56.61,3.64,15.55,19.19,18.20,3.14,0.46,39.86,0.20,0.46,NA,NA,0.13,0.21,31.28,68.27,0.38,177.04,NA,0.00,310.22,808.07,NA
2025-04-23 00:00:00,16.75,49.64,3.77,16.52,20.32,19.09,7.28,0.27,41.34,0.20,0.45,NA,NA,0.13,0.22,31.45,68.10,0.40,178.25,NA,0.00,602.43,831.46,NA
2025-04-24 00:00:00,9.93,38.88,3.76,16.24,20.00,18.89,4.73,0.35,35.05,0.21,0.45,NA,NA,0.14,0.21,31.44,66.43,0.38,189.53,NA,0.00,442.22,823.53,NA
2025-04-25 00:00:00,10.66,35.64,3.80,15.79,19.47,18.27,9.75,0.32,29.70,0.19,0.45,NA,NA,0.13,0.20,31.39,70.72,0.32,193.21,NA,0.00,343.55,812.14,NA
2025-04-26 00:00:00,13.15,43.16,3.70,15.87,19.54,18.51,10.22,0.32,37.41,0.20,0.45,NA,NA,0.12,0.20,31.55,64.57,0.29,181.22,NA,0.00,472.30,822.02,NA
2025-04-27 00:00:00,15.56,40.00,3.78,16.35,20.13,18.95,4.94,0.28,33.40,0.21,0.45,NA,NA,0.13,0.21,31.11,69.23,0.32,197.60,NA,0.00,437.62,836.99,NA
2025-04-28 00:00:00,19.91,52.18,3.67,15.80,19.47,18.33,8.22,0.35,50.88,0.21,0.44,NA,NA,0.13,0.20,31.16,64.32,0.46,142.95,NA,0.00,588.86,838.41,NA
2025-04-29 00:00:00,23.93,50.01,3.72,16.23,19.98,18.80,12.73,0.41,42.94,0.20,0.45,NA,NA,0.13,0.22,31.50,66.49,0.44,168.16,NA,0.00,318.23,852.69,NA
2025-04-30 00:00:00,27.41,65.14,3.90,16.77,20.64,19.37,7.40,0.25,48.76,0.18,0.46,NA,NA,0.13,0.23,31.76,58.05,0.40,139.00,NA,0.00,NA,892.43,NA
2025-05-01 00:00:00,17.98,44.01,3.68,15.84,19.44,18.43,10.78,0.31,43.99,0.19,0.45,NA,NA,0.14,0.21,30.56,71.13,0.36,214.80,NA,0.00,373.30,890.75,NA
2025-05-02 00:00:00,21.82,49.01,3.65,15.54,19.19,18.23,10.87,0.36,34.48,0.21,0.46,NA,NA,0.13,0.21,30.73,76.67,0.40,157.05,NA,0.00,161.06,857.86,NA
2025-05-03 00:00:00,18.25,43.04,3.79,16.32,20.17,18.99,8.78,0.35,37.65,0.21,0.46,NA,NA,0.12,0.21,30.56,72.98,0.28,203.57,NA,0.00,141.10,845.85,NA
2025-05-04 00:00:00,18.86,47.21,3.76,16.24,20.00,18.90,10.31,0.31,31.89,0.19,0.45,NA,NA,0.12,0.21,31.00,69.14,0.21,195.98,NA,0.00,167.03,840.67,NA
2025-05-05 00:00:00,18.84,47.06,3.83,16.54,20.33,19.06,8.47,0.36,37.80,0.19,0.44,NA,NA,0.13,0.20,30.86,67.68,0.33,186.34,NA,0.00,356.10,855.50,NA
2025-05-06 00:00:00,21.21,55.05,3.72,16.05,19.76,18.62,11.82,0.38,32.53,0.21,0.45,NA,NA,0.12,0.21,31.16,66.58,0.35,198.65,NA,0.00,140.57,863.57,NA
2025-05-07 00:00:00,20.10,52.46,3.91,16.89,20.77,19.43,8.85,0.37,32.58,0.19,0.45,NA,NA,0.14,0.22,31.18,65.28,0.32,175.15,NA,0.00,225.94,830.01,NA
2025-05-08 00:00:00,18.56,53.50,3.86,16.74,20.57,19.23,20.08,0.36,27.09,0.20,0.44,NA,NA,0.14,0.22,30.94,66.33,0.23,240.76,NA,0.00,100.34,832.23,NA
2025-05-09 00:00:00,21.43,53.64,3.63,15.59,19.22,18.21,16.58,0.38,31.61,0.19,0.44,NA,NA,0.12,0.21,30.98,58.96,0.38,186.12,NA,0.00,105.92,838.30,NA
2025-05-10 00:00:00,21.33,49.35,3.79,16.44,20.22,19.02,7.86,0.20,31.37,0.21,0.44,NA,NA,0.12,0.20,31.15,57.79,0.32,239.18,NA,0.00,98.41,830.49,NA
2025-05-11 00:00:00,15.19,40.53,3.75,16.11,19.85,18.74,7.32,0.24,21.87,0.20,0.44,NA,NA,0.14,0.21,31.08,62.18,0.30,248.81,NA,0.00,3.61,832.68,NA
2025-05-12 00:00:00,13.38,37.37,3.75,16.18,19.93,18.74,10.26,0.29,24.97,0.21,0.44,NA,NA,0.13,0.21,30.96,69.90,0.29,248.29,NA,0.00,95.43,819.18,NA
2025-05-13 00:00:00,13.59,40.31,3.73,16.12,19.84,18.65,15.52,0.36,28.78,0.20,0.45,NA,NA,0.13,0.22,30.58,78.25,0.34,162.30,NA,0.00,223.23,819.62,NA
2025-05-14 00:00:00,12.12,36.74,4.08,17.64,21.69,20.22,10.21,0.28,33.21,0.19,0.45,NA,NA,0.13,0.21,30.69,78.71,0.36,180.44,NA,0.00,110.80,846.51,NA
2025-05-15 00:00:00,12.57,37.32,3.75,16.14,19.90,18.76,2.23,0.31,27.09,0.21,0.45,NA,NA,0.13,0.22,30.76,78.35,0.28,200.28,NA,0.00,121.84,826.99,NA
2025-05-16 00:00:00,13.01,35.94,3.79,16.49,20.28,18.99,14.44,0.29,29.17,0.20,0.45,NA,NA,0.13,0.22,30.71,81.24,0.18,232.61,NA,0.00,127.28,838.26,NA
2025-05-17 00:00:00,15.90,39.26,3.77,16.25,20.01,18.83,19.97,0.34,24.69,0.19,0.45,NA,NA,0.14,0.20,30.24,84.89,0.17,237.84,NA,0.00,122.57,839.20,NA
2025-05-18 00:00:00,11.56,35.81,3.71,15.97,19.66,18.54,8.92,0.28,21.99,0.19,0.45,NA,NA,0.13,0.20,30.16,84.98,0.24,259.09,NA,0.00,97.29,800.55,NA
2025-05-19 00:00:00,16.52,47.55,3.76,16.17,19.93,18.74,8.01,0.44,25.70,0.19,0.44,NA,NA,0.14,0.21,30.00,86.59,0.20,178.97,NA,0.00,87.24,824.98,NA
2025-05-20 00:00:00,10.40,31.34,3.91,16.76,20.62,19.36,4.66,0.24,21.42,0.20,0.45,NA,NA,0.14,0.21,29.61,94.48,0.17,243.01,NA,0.00,78.14,820.74,NA
2025-05-21 00:00:00,12.39,42.30,4.23,17.24,21.19,19.82,11.25,0.16,19.81,0.19,0.44,NA,NA,0.13,0.20,29.83,83.21,0.27,247.32,NA,0.00,67.37,822.66,NA
2025-05-22 00:00:00,16.97,43.01,3.97,16.44,20.22,19.09,7.85,0.20,19.46,0.20,0.46,NA,NA,0.13,0.20,30.17,78.67,0.25,231.78,NA,0.00,59.60,841.12,NA
2025-05-23 00:00:00,13.14,34.56,3.80,16.29,20.04,18.89,7.63,0.22,23.53,0.19,0.45,NA,NA,0.13,0.21,29.86,86.52,0.31,224.36,NA,0.00,68.76,860.95,NA
2025-05-24 00:00:00,8.07,27.73,3.88,16.88,20.74,19.39,5.80,0.17,13.94,0.20,0.43,NA,NA,0.13,0.21,29.31,95.49,0.29,223.76,NA,0.00,122.67,836.25,NA
2025-05-25 00:00:00,6.88,25.03,3.94,17.02,20.92,19.59,11.50,0.18,21.22,0.19,0.45,NA,NA,0.13,0.21,29.30,95.96,0.28,224.60,NA,0.00,174.12,845.89,NA
2025-05-26 00:00:00,8.19,25.77,4.03,17.45,21.47,19.96,16.36,0.25,21.21,0.21,0.45,NA,NA,0.13,0.20,28.92,97.25,0.29,250.35,NA,0.00,147.47,839.03,NA
2025-05-27 00:00:00,9.68,31.87,3.72,16.07,19.79,18.65,6.48,0.23,23.90,0.21,0.46,NA,NA,0.14,0.21,29.62,89.58,0.44,266.04,NA,0.00,174.93,836.33,NA
2025-05-28 00:00:00,9.54,28.87,3.93,16.74,20.57,19.23,3.78,0.24,22.73,0.20,0.44,NA,NA,0.13,0.22,29.65,91.21,0.36,258.84,NA,0.00,67.61,841.95,NA
2025-05-29 00:00:00,11.64,33.90,3.81,16.62,20.42,19.15,10.02,0.23,22.86,0.19,0.45,NA,NA,0.13,0.22,29.41,94.22,0.24,239.55,NA,0.00,110.72,871.02,NA
2025-05-30 00:00:00,11.02,30.73,3.61,15.52,19.11,18.12,8.63,0.27,25.48,0.20,0.45,NA,NA,0.13,0.22,29.28,91.68,0.25,237.64,NA,0.00,70.80,849.20,NA
2025-05-31 00:00:00,13.93,39.61,3.69,15.90,19.58,18.47,4.43,0.29,24.38,0.21,0.45,NA,NA,0.12,0.21,29.95,81.75,0.23,250.14,NA,0.00,89.13,851.37,NA
2025-06-01 00:00:00,11.47,33.89,3.70,15.94,19.63,18.51,5.00,0.19,19.96,0.20,0.44,NA,NA,0.14,0.20,30.49,77.02,0.25,253.47,NA,0.00,206.98,849.41,NA
2025-06-02 00:00:00,12.80,39.28,3.75,16.13,19.87,18.78,11.23,0.21,28.12,0.20,0.44,NA,NA,0.13,0.21,30.14,79.22,0.28,242.65,NA,0.00,122.45,852.73,NA
2025-06-03 00:00:00,11.35,31.50,3.61,15.41,19.02,18.07,12.31,0.22,23.66,0.20,0.44,NA,NA,0.12,0.20,29.85,86.91,0.23,242.93,NA,0.00,82.89,868.46,NA
2025-06-04 00:00:00,13.13,38.23,3.95,17.24,21.19,19.66,8.89,0.23,28.56,0.21,0.44,NA,NA,0.14,0.20,30.23,79.98,0.24,244.00,NA,0.00,90.05,854.63,NA
2025-06-05 00:00:00,17.87,43.77,4.54,17.09,21.00,19.61,10.59,0.30,24.96,0.19,0.45,NA,NA,0.13,0.21,30.49,73.21,0.24,256.43,NA,0.00,122.84,813.41,NA
2025-06-06 00:00:00,20.21,47.77,4.08,16.87,20.75,19.42,11.90,0.32,29.83,0.21,0.44,NA,NA,0.13,0.21,30.72,72.10,0.22,257.15,NA,0.00,107.86,819.83,NA
2025-06-07 00:00:00,17.14,45.77,3.91,16.83,20.68,19.19,7.97,0.22,29.50,0.19,0.45,NA,NA,0.13,0.21,30.60,70.27,0.23,255.21,NA,0.00,101.42,836.10,NA
2025-06-08 00:00:00,14.23,39.91,3.60,15.76,19.36,18.21,14.03,0.22,22.74,0.20,0.45,NA,NA,0.13,0.22,30.64,74.47,0.23,264.00,NA,0.00,118.00,836.89,NA
2025-06-09 00:00:00,14.82,41.98,3.80,16.59,20.39,19.03,10.05,0.28,26.41,0.20,0.44,NA,NA,0.12,0.21,30.61,72.37,0.29,268.28,NA,0.00,96.20,870.56,NA
2025-06-10 00:00:00,13.04,42.65,3.75,16.60,20.33,18.91,15.71,0.32,23.59,0.20,0.44,NA,NA,0.13,0.21,29.90,85.38,0.18,269.05,NA,0.00,101.25,842.83,NA
2025-06-11 00:00:00,13.71,34.97,3.85,17.05,20.89,19.31,3.27,0.25,24.02,0.21,0.45,NA,NA,0.12,0.21,29.73,89.64,0.18,243.16,NA,0.00,162.08,827.11,NA
2025-06-12 00:00:00,10.85,29.64,4.04,17.81,21.83,20.06,12.23,0.25,30.23,0.20,0.45,NA,NA,0.13,0.20,29.94,82.84,0.29,239.51,NA,0.00,77.11,814.41,NA
2025-06-13 00:00:00,12.08,27.29,3.78,16.67,20.44,18.97,8.81,0.28,28.19,0.20,0.45,NA,NA,0.12,0.21,29.62,92.58,0.24,230.69,NA,0.00,139.60,815.54,NA
2025-06-14 00:00:00,8.74,25.37,3.86,16.68,20.53,19.09,7.19,0.20,28.57,0.19,0.45,NA,NA,0.13,0.22,29.47,88.77,0.28,226.65,NA,0.00,149.12,841.25,NA
2025-06-15 00:00:00,8.87,21.86,3.79,16.46,20.25,18.92,10.78,0.20,25.85,0.19,0.45,NA,NA,0.14,0.20,29.14,94.16,0.33,229.72,NA,0.00,107.83,852.28,NA
2025-06-16 00:00:00,8.63,26.41,3.92,16.93,20.78,19.30,6.98,0.23,26.35,0.21,0.45,NA,NA,0.14,0.21,29.23,90.16,0.32,243.20,NA,0.00,118.69,831.08,NA
2025-06-17 00:00:00,8.23,23.99,3.72,16.26,19.97,18.58,6.58,0.23,24.42,0.21,0.43,NA,NA,0.13,0.21,29.52,89.28,0.31,233.16,NA,0.00,107.61,809.00,NA
2025-06-18 00:00:00,11.70,32.34,4.09,17.91,22.03,20.38,7.34,0.20,25.06,0.21,0.45,NA,NA,0.13,0.22,29.70,88.21,0.24,228.71,NA,0.00,75.65,811.53,NA
2025-06-19 00:00:00,12.00,38.09,3.95,17.22,21.13,19.54,15.80,0.27,23.09,0.20,0.45,NA,NA,0.14,0.20,30.08,81.16,0.27,246.99,NA,0.00,72.63,840.56,NA
2025-06-20 00:00:00,10.58,34.45,4.10,17.82,21.91,20.26,10.17,0.22,20.03,0.20,0.44,NA,NA,0.13,0.21,29.95,84.55,0.28,230.41,NA,0.00,96.01,829.18,NA
2025-06-21 00:00:00,10.46,31.62,3.73,16.40,20.11,18.70,7.78,0.25,20.79,0.20,0.45,NA,NA,0.13,0.21,30.08,80.94,0.28,245.79,NA,0.00,92.84,839.38,NA
2025-06-22 00:00:00,8.86,28.41,3.97,17.25,21.16,19.71,8.68,0.14,11.90,0.20,0.44,NA,NA,0.13,0.20,29.30,93.62,0.25,228.00,NA,0.00,69.33,832.25,NA
2025-06-23 00:00:00,11.05,31.21,4.05,16.93,20.81,19.48,10.97,0.20,25.97,0.20,0.44,NA,NA,0.12,0.20,29.37,88.74,0.35,246.33,NA,0.00,100.06,818.87,NA
2025-06-24 00:00:00,14.60,38.76,3.88,16.91,20.78,19.30,7.43,0.19,21.04,0.19,0.44,NA,NA,0.13,0.20,29.79,84.31,0.33,247.61,NA,0.00,83.22,804.38,NA
2025-06-25 00:00:00,10.75,28.40,3.79,16.26,20.03,18.86,13.08,0.30,20.20,0.19,0.45,NA,NA,0.14,0.21,29.32,95.65,0.21,230.09,NA,0.00,169.38,816.23,NA
2025-06-26 00:00:00,9.13,26.94,3.97,17.44,21.44,19.82,9.49,0.24,21.28,0.19,0.45,NA,NA,0.14,0.20,28.52,90.19,0.30,241.22,NA,0.00,83.19,804.86,NA
2025-06-27 00:00:00,9.58,29.06,3.67,15.79,19.45,18.37,10.01,0.22,19.28,0.19,0.45,NA,NA,0.12,0.21,26.61,88.30,0.28,231.78,NA,0.00,83.90,819.65,NA
2025-06-28 00:00:00,7.82,25.92,3.80,16.30,20.08,18.95,9.69,0.18,29.40,0.21,0.45,NA,NA,0.12,0.21,26.14,95.52,0.19,224.85,NA,0.00,58.20,821.89,NA
2025-06-29 00:00:00,9.62,38.85,3.89,16.94,20.83,19.46,12.08,0.18,28.70,0.20,0.45,NA,NA,0.13,0.20,26.76,84.80,0.27,241.15,NA,0.00,126.89,821.05,NA
2025-06-30 00:00:00,9.24,36.16,3.80,16.53,20.33,18.97,11.27,0.26,28.25,0.19,0.43,NA,NA,0.14,0.20,26.56,84.90,0.32,247.85,NA,0.00,122.05,834.70,NA
2025-07-01 00:00:00,8.80,34.72,3.73,16.03,19.75,18.59,9.41,0.23,16.71,0.19,0.45,NA,NA,0.13,0.22,26.57,83.77,0.25,240.29,NA,0.00,61.10,855.11,NA
2025-07-02 00:00:00,8.70,33.11,3.83,16.59,20.41,19.15,9.11,0.18,18.72,0.21,0.45,NA,NA,0.14,0.21,26.36,92.75,0.30,243.65,NA,0.00,92.58,834.27,NA
2025-07-03 00:00:00,8.76,30.53,3.78,16.48,20.25,18.99,12.91,0.36,17.06,0.20,0.46,NA,NA,0.13,0.21,26.26,89.72,0.28,247.01,NA,0.00,145.24,830.98,NA
2025-07-04 00:00:00,9.13,33.02,3.62,15.68,19.29,18.24,5.27,0.23,8.57,0.21,0.45,NA,NA,0.13,0.22,26.60,85.63,0.32,242.65,NA,0.00,73.80,818.30,NA
2025-07-05 00:00:00,7.84,28.39,3.72,16.16,19.88,18.73,4.36,0.21,24.35,0.21,0.44,NA,NA,0.14,0.21,26.48,89.75,0.32,240.00,NA,0.00,58.74,850.80,NA
2025-07-06 00:00:00,8.94,32.77,3.79,16.33,20.10,18.89,8.05,0.18,26.79,0.20,0.45,NA,NA,0.12,0.22,26.62,86.87,0.34,251.58,NA,0.00,63.28,850.55,NA
2025-07-07 00:00:00,9.80,42.86,4.00,17.72,21.71,20.02,8.49,0.23,20.54,0.21,0.44,NA,NA,0.12,0.21,26.81,83.83,0.29,245.60,NA,0.00,106.14,829.61,NA
2025-07-08 00:00:00,8.77,45.98,3.69,16.35,20.03,18.81,13.36,0.26,22.00,0.20,0.46,NA,NA,0.13,0.21,27.01,78.93,0.38,269.68,NA,0.00,80.65,823.61,NA
2025-07-09 00:00:00,12.77,45.96,3.68,15.58,19.25,18.19,9.87,0.24,22.24,0.20,0.46,NA,NA,0.13,0.21,27.01,80.94,0.32,262.18,NA,0.00,96.79,819.85,NA
2025-07-10 00:00:00,14.03,44.77,3.59,15.49,19.06,17.93,12.11,0.29,19.88,0.21,0.45,NA,NA,0.13,0.21,27.07,80.41,0.28,265.90,NA,0.00,99.54,820.34,NA
2025-07-11 00:00:00,11.30,32.78,3.88,16.87,20.73,19.40,8.19,0.21,28.61,0.19,0.45,NA,NA,0.13,0.21,26.58,89.05,0.27,245.73,NA,0.00,85.20,802.32,NA
2025-07-12 00:00:00,12.98,43.32,3.79,16.24,20.02,18.89,8.93,0.21,27.63,0.20,0.46,NA,NA,0.13,0.20,26.81,79.95,0.30,263.08,NA,0.00,78.30,799.58,NA
2025-07-13 00:00:00,9.03,34.14,3.72,16.16,19.87,18.62,5.12,0.20,22.55,0.21,0.44,NA,NA,0.14,0.20,26.85,82.04,0.33,260.82,NA,0.00,81.33,799.80,NA
2025-07-14 00:00:00,9.87,35.62,3.93,16.80,20.66,19.30,13.77,0.20,27.76,0.20,0.43,NA,NA,0.13,0.21,26.64,87.35,0.29,246.37,NA,0.00,64.95,799.09,NA
2025-07-15 00:00:00,9.77,32.84,3.73,16.29,20.01,18.64,9.83,0.26,20.28,0.20,0.46,NA,NA,0.13,0.21,26.62,83.95,0.31,251.48,NA,0.00,60.96,795.67,NA
2025-07-16 00:00:00,11.13,33.63,3.74,16.08,19.81,18.65,9.48,0.23,21.00,0.19,0.45,NA,NA,0.14,0.21,26.74,88.57,0.29,225.70,NA,0.00,50.06,803.09,NA
2025-07-17 00:00:00,9.19,35.93,4.02,17.61,21.64,19.99,6.16,0.29,20.06,0.19,0.46,NA,NA,0.14,0.21,26.57,85.46,0.30,258.38,NA,0.00,152.06,814.94,NA
2025-07-18 00:00:00,11.45,39.58,3.98,17.67,21.63,19.72,9.35,0.30,21.39,0.20,0.45,NA,NA,0.14,0.22,26.52,87.93,0.27,257.41,NA,0.00,69.25,830.35,NA
2025-07-19 00:00:00,10.12,36.94,4.01,17.73,21.72,19.90,8.38,0.26,20.42,0.21,0.45,NA,NA,0.13,0.21,26.51,84.50,0.31,253.60,NA,0.00,60.88,808.53,NA
2025-07-20 00:00:00,8.32,27.26,4.00,17.65,21.64,19.93,5.21,0.20,23.35,0.20,0.46,NA,NA,0.14,0.21,26.51,85.61,0.34,258.00,NA,0.00,63.81,801.73,NA
2025-07-21 00:00:00,10.56,32.82,3.86,16.44,20.19,18.81,4.88,0.29,20.48,0.20,0.44,NA,NA,0.13,0.21,26.13,94.18,0.20,238.49,NA,0.00,66.27,804.66,NA
2025-07-22 00:00:00,8.48,31.08,3.95,17.45,21.40,19.70,13.12,0.26,21.19,0.19,0.45,NA,NA,0.12,0.20,26.21,92.19,0.27,241.99,NA,0.00,47.29,800.66,NA
2025-07-23 00:00:00,9.02,30.58,3.80,16.49,20.27,18.85,12.28,0.25,17.71,0.20,0.45,NA,NA,0.13,0.21,26.25,89.61,0.31,254.03,NA,0.00,54.74,802.85,NA
2025-07-24 00:00:00,11.94,32.18,3.76,16.36,20.10,18.76,10.35,0.26,18.97,0.20,0.46,NA,NA,0.12,0.22,26.00,94.00,0.29,257.34,NA,0.00,172.77,808.79,NA
2025-07-25 00:00:00,8.93,30.21,3.86,16.56,20.42,19.16,5.90,0.19,18.87,0.20,0.45,NA,NA,0.13,0.21,26.22,88.40,0.40,257.64,NA,0.00,135.98,816.85,NA
2025-07-26 00:00:00,8.69,29.78,3.76,16.81,20.55,19.02,7.98,0.23,16.03,0.20,0.45,NA,NA,0.13,0.21,26.08,90.47,0.42,253.90,NA,0.00,287.58,821.13,NA
2025-07-27 00:00:00,8.59,32.43,3.80,16.72,20.51,19.08,8.67,0.20,9.29,0.20,0.45,NA,NA,0.12,0.21,25.94,87.32,0.44,273.73,NA,0.00,118.37,822.10,NA
2025-07-28 00:00:00,11.74,42.67,3.70,16.24,19.93,18.73,9.69,0.26,19.81,0.19,0.46,NA,NA,0.13,0.22,26.24,83.65,0.32,261.66,NA,0.00,60.58,824.48,NA
2025-07-29 00:00:00,11.07,31.76,4.23,18.12,22.25,20.50,10.18,0.26,17.55,0.21,0.47,NA,NA,0.13,0.21,26.04,90.87,0.34,257.73,NA,0.00,272.07,835.50,NA
2025-07-30 00:00:00,11.60,43.56,3.70,16.10,19.76,18.50,5.69,0.29,22.22,0.21,0.45,NA,NA,0.11,0.21,26.45,86.59,0.29,253.92,NA,0.00,65.69,833.81,NA
2025-07-31 00:00:00,11.11,48.55,3.77,16.43,20.16,18.76,8.31,0.30,27.07,0.19,0.45,NA,NA,0.12,0.22,26.93,81.54,0.29,264.84,NA,0.00,72.12,833.53,NA
2025-08-01 00:00:00,13.63,53.18,3.87,17.03,20.89,19.42,10.30,0.34,20.79,0.20,0.45,NA,NA,0.13,0.21,26.93,83.55,0.17,273.61,NA,0.00,90.32,829.86,NA
2025-08-02 00:00:00,11.81,45.06,3.89,17.23,21.11,19.51,10.88,0.30,25.27,0.21,0.44,NA,NA,0.13,0.21,26.79,87.18,0.21,252.58,NA,0.00,245.19,829.82,NA
2025-08-03 00:00:00,9.56,32.69,3.94,17.09,21.03,19.59,9.36,0.21,24.47,0.21,0.44,NA,NA,0.13,0.21,26.82,82.41,0.20,191.98,NA,0.00,168.78,830.63,NA
2025-08-04 00:00:00,9.82,35.45,3.94,17.56,21.46,19.69,13.83,0.35,20.93,0.20,0.44,NA,NA,0.13,0.20,26.93,84.57,0.20,237.50,NA,0.00,306.32,843.82,NA
2025-08-05 00:00:00,12.11,35.55,3.86,16.66,20.51,19.16,8.97,0.33,23.88,0.20,0.46,NA,NA,0.13,0.20,26.60,91.50,0.19,167.58,NA,0.00,200.05,832.93,NA
2025-08-06 00:00:00,10.38,32.23,3.78,16.44,20.21,18.92,11.78,0.27,22.34,0.20,0.46,NA,NA,0.13,0.20,26.90,84.31,0.23,246.26,NA,0.00,98.73,826.40,NA
2025-08-07 00:00:00,10.26,34.93,3.71,16.21,19.93,18.71,12.68,0.28,27.69,0.19,0.46,NA,NA,0.13,0.20,26.97,85.92,0.24,239.76,NA,0.00,84.15,830.61,NA
2025-08-08 00:00:00,13.51,37.10,3.78,16.47,20.23,18.94,14.30,0.31,18.94,0.20,0.45,NA,NA,0.14,0.21,26.87,86.75,0.18,245.04,NA,0.00,83.87,834.37,NA
2025-08-09 00:00:00,14.33,36.79,3.81,16.42,20.22,18.94,12.42,0.37,24.61,0.20,0.45,NA,NA,0.13,0.21,26.70,89.95,0.19,212.23,NA,0.00,84.44,829.22,NA
2025-08-10 00:00:00,11.21,31.60,4.02,17.75,21.76,20.05,3.00,0.32,21.64,0.20,0.46,NA,NA,0.13,0.21,26.41,92.10,0.17,278.80,NA,0.00,118.39,822.14,NA
2025-08-11 00:00:00,16.82,50.92,4.47,18.10,22.12,20.38,4.60,0.33,34.33,0.21,0.44,NA,NA,0.13,0.22,26.40,88.23,0.20,255.86,NA,0.00,114.38,822.80,NA
2025-08-12 00:00:00,16.71,43.13,3.91,17.17,21.11,19.70,14.66,0.32,38.13,0.20,0.44,NA,NA,0.14,0.20,26.74,82.20,0.26,279.90,NA,0.00,94.18,821.63,NA
2025-08-13 00:00:00,11.50,36.50,3.80,16.37,20.17,19.01,1.75,0.31,17.53,0.21,0.45,NA,NA,0.13,0.20,26.32,87.29,0.26,262.58,NA,0.00,69.58,821.35,NA
2025-08-14 00:00:00,12.66,35.53,3.78,16.39,20.17,19.01,7.68,0.28,20.09,0.22,0.43,NA,NA,0.13,0.21,25.97,94.60,0.23,245.26,NA,0.00,178.38,820.56,NA
2025-08-15 00:00:00,12.84,32.51,3.72,16.02,19.74,18.73,3.45,0.26,18.96,0.21,0.46,NA,NA,0.13,0.21,26.25,90.54,0.28,245.76,NA,0.00,84.64,815.84,NA
2025-08-16 00:00:00,10.32,32.86,3.76,16.25,20.01,18.85,4.89,0.27,21.91,0.20,0.44,NA,NA,0.13,0.21,26.53,86.97,0.30,261.59,NA,0.00,89.40,815.42,NA
2025-08-17 00:00:00,10.64,33.52,3.78,16.21,19.98,18.83,5.69,0.25,18.48,0.20,0.45,NA,NA,0.12,0.21,26.21,91.23,0.30,260.24,NA,0.00,155.96,818.52,NA
2025-08-18 00:00:00,10.19,30.91,3.78,16.33,20.14,18.97,3.08,0.25,24.25,0.20,0.45,NA,NA,0.14,0.20,26.06,89.76,0.35,248.76,NA,0.00,126.97,819.64,NA
2025-08-19 00:00:00,10.80,34.39,3.74,16.09,19.82,18.62,12.86,0.18,19.78,0.21,0.45,NA,NA,0.12,0.20,26.17,87.23,0.34,232.28,NA,0.00,43.62,819.04,NA
2025-08-20 00:00:00,10.75,35.50,3.64,15.81,19.44,18.27,7.16,0.24,22.69,0.21,0.44,NA,NA,0.12,0.22,26.52,81.48,0.28,246.48,NA,0.00,70.72,831.76,NA
2025-08-21 00:00:00,13.84,45.61,3.93,17.22,21.13,19.64,9.06,0.38,24.36,0.20,0.46,NA,NA,0.14,0.20,26.79,81.51,0.22,255.30,NA,0.00,94.97,860.75,NA
2025-08-22 00:00:00,15.86,47.30,3.75,16.47,20.20,18.70,7.49,0.34,25.24,0.21,0.45,NA,NA,0.13,0.20,27.19,78.62,0.19,267.98,NA,0.00,80.09,848.49,NA
2025-08-23 00:00:00,16.57,50.46,4.05,18.03,22.06,20.15,9.99,0.33,24.73,0.20,0.45,NA,NA,0.14,0.22,26.87,82.10,0.24,269.04,NA,0.00,70.65,814.84,NA
2025-08-24 00:00:00,10.65,39.90,3.76,16.49,20.24,18.81,6.92,0.24,19.37,0.21,0.45,NA,NA,0.14,0.20,27.08,74.04,0.27,275.60,NA,0.00,83.29,812.60,NA
2025-08-25 00:00:00,15.92,49.74,3.89,17.06,20.98,19.22,8.69,0.35,18.89,0.20,0.45,NA,NA,0.12,0.21,26.69,75.23,0.24,278.81,NA,0.00,95.38,810.03,NA
2025-08-26 00:00:00,13.22,39.72,4.15,17.55,21.52,19.96,9.91,0.28,24.12,0.21,0.46,NA,NA,0.13,0.21,26.41,84.55,0.26,264.29,NA,0.00,97.23,811.87,NA
2025-08-27 00:00:00,11.26,28.64,3.81,16.28,20.07,18.82,8.82,0.27,10.91,0.20,0.46,NA,NA,0.13,0.22,26.18,93.39,0.26,241.13,NA,0.00,72.10,829.30,NA
2025-08-28 00:00:00,7.46,23.77,3.71,16.21,19.91,18.51,8.94,0.23,18.84,0.21,0.45,NA,NA,0.12,0.20,26.37,93.26,0.29,231.16,NA,0.00,145.21,819.70,NA
2025-08-29 00:00:00,10.40,28.16,3.82,16.62,20.43,19.15,9.34,0.28,20.30,0.19,0.46,NA,NA,0.13,0.20,26.21,91.09,0.27,261.84,NA,0.00,212.12,808.59,NA
2025-08-30 00:00:00,10.70,30.07,3.95,17.16,21.11,19.70,7.11,0.20,22.70,0.21,0.45,NA,NA,0.13,0.23,26.82,85.54,0.29,250.13,NA,0.00,124.28,827.56,NA
2025-08-31 00:00:00,10.34,37.47,3.31,14.30,17.61,16.82,3.97,0.31,11.74,0.20,0.47,NA,NA,0.15,0.20,26.38,93.51,0.23,267.62,NA,0.00,2.48,837.07,NA
2025-09-01 00:00:00,12.35,43.48,3.91,17.04,20.94,19.21,9.02,0.35,16.81,0.20,0.45,NA,NA,0.12,0.21,26.33,91.84,0.26,269.09,NA,0.00,111.58,844.54,NA
2025-09-02 00:00:00,16.11,40.82,4.14,17.69,21.69,20.06,7.49,0.28,26.95,0.20,0.44,NA,NA,0.12,0.21,26.39,86.51,0.32,262.35,NA,0.00,67.24,851.36,NA
2025-09-03 00:00:00,12.17,33.28,3.91,16.89,20.79,19.39,8.67,0.30,31.05,0.20,0.44,NA,NA,0.14,0.20,26.38,89.27,0.28,258.61,NA,0.00,93.62,828.85,NA
2025-09-04 00:00:00,9.29,28.94,4.03,17.55,21.54,19.93,6.64,0.23,13.55,0.20,0.44,NA,NA,0.13,0.21,26.24,91.75,0.23,245.33,NA,0.00,113.95,829.07,NA
2025-09-05 00:00:00,10.16,36.07,4.09,17.89,21.97,20.38,6.28,0.27,23.51,0.20,0.46,NA,NA,0.14,0.22,26.76,86.25,0.25,252.83,NA,0.00,86.76,841.38,NA
2025-09-06 00:00:00,9.59,34.25,3.99,17.51,21.49,19.90,7.30,0.24,23.91,0.20,0.44,NA,NA,0.13,0.21,26.91,84.73,0.26,253.49,NA,0.00,82.45,843.38,NA
2025-09-07 00:00:00,16.61,44.53,3.56,15.59,19.13,17.63,6.24,0.35,6.73,0.16,0.46,NA,NA,0.15,0.21,26.43,87.54,0.31,291.36,NA,0.00,NA,828.38,NA
2025-09-08 00:00:00,15.77,53.00,3.97,17.55,21.51,19.67,11.26,0.34,30.41,0.20,0.45,NA,NA,0.13,0.21,27.02,77.49,0.29,274.97,NA,0.00,89.14,810.81,NA
2025-09-09 00:00:00,16.75,60.85,3.86,17.24,21.09,19.50,7.41,0.32,29.31,0.20,0.45,NA,NA,0.13,0.22,27.33,76.62,0.25,193.87,NA,0.00,119.15,827.47,NA
2025-09-10 00:00:00,13.01,52.57,4.23,17.77,21.88,20.18,9.09,0.39,24.28,0.20,0.46,NA,NA,0.12,0.21,27.03,86.31,0.22,260.74,NA,0.00,96.45,849.54,NA
2025-09-11 00:00:00,12.10,53.83,4.10,18.01,22.05,20.46,7.50,0.43,41.85,0.18,0.44,NA,NA,0.14,0.22,26.73,81.10,0.17,254.14,NA,0.00,71.95,853.28,NA
2025-09-12 00:00:00,13.01,58.62,3.93,17.63,21.63,19.94,11.45,0.42,36.94,0.20,0.44,NA,NA,0.14,0.22,27.13,74.00,0.20,272.15,NA,0.00,85.92,831.46,NA
2025-09-13 00:00:00,11.73,53.07,3.90,17.07,20.93,19.42,5.95,0.27,19.76,0.21,0.45,NA,NA,0.14,0.20,27.00,75.95,0.23,255.95,NA,0.00,74.58,829.98,NA
2025-09-14 00:00:00,8.56,53.25,3.85,16.66,20.48,19.20,8.55,0.18,9.83,0.19,0.45,NA,NA,0.14,0.21,25.94,94.21,0.18,251.18,NA,0.00,46.94,833.44,NA
2025-09-15 00:00:00,6.20,36.33,3.93,16.90,20.82,19.31,7.94,0.31,24.73,0.20,0.44,NA,NA,0.13,0.21,26.61,87.47,0.23,251.05,NA,0.00,101.56,821.01,NA
2025-09-16 00:00:00,7.69,35.43,3.86,16.67,20.52,19.17,8.05,0.26,25.11,0.21,0.45,NA,NA,0.13,0.21,26.84,84.56,0.21,257.40,NA,0.00,74.27,817.07,NA
2025-09-17 00:00:00,NA,NA,NA,NA,NA,NA,NA,NA,NA,NA,NA,NA,NA,NA,NA,NA,NA,NA,NA,NA,0.00,NA,NA,NA
2025-09-18 00:00:00,16.83,41.62,3.87,16.83,20.70,19.36,41.80,0.27,26.37,0.20,0.44,NA,NA,0.15,0.21,28.89,77.51,0.31,265.89,NA,0.00,86.94,852.18,NA
2025-09-19 00:00:00,12.69,29.53,3.74,16.42,20.16,18.88,7.59,0.28,27.24,0.20,0.44,NA,NA,0.13,0.20,28.98,92.10,0.18,236.24,NA,0.00,106.36,853.04,NA
2025-09-20 00:00:00,14.00,34.11,3.89,17.02,20.90,19.54,5.53,0.31,21.29,0.19,0.45,NA,NA,0.13,0.22,28.77,83.89,0.22,263.92,NA,0.00,148.84,844.94,NA
2025-09-21 00:00:00,10.74,32.31,3.59,15.58,19.17,18.17,4.56,0.26,19.52,0.20,0.45,NA,NA,0.13,0.21,28.59,85.63,0.22,250.85,NA,0.00,64.65,833.74,NA
2025-09-22 00:00:00,10.92,38.47,3.82,16.57,20.36,19.05,7.95,0.20,25.02,0.20,0.46,NA,NA,0.14,0.22,28.72,85.26,0.28,251.32,NA,0.00,69.75,828.75,NA
2025-09-23 00:00:00,9.68,27.89,3.68,15.99,19.67,18.51,14.28,0.31,18.99,0.20,0.45,NA,NA,0.14,0.21,28.38,92.35,0.23,251.49,NA,0.00,126.10,835.97,NA
2025-09-24 00:00:00,12.00,37.38,3.86,17.02,20.86,19.38,8.70,0.28,18.92,0.20,0.45,NA,NA,0.14,0.21,28.84,80.92,0.28,263.88,NA,0.00,72.40,822.68,NA
2025-09-25 00:00:00,14.55,47.32,4.80,21.36,26.11,23.59,6.87,0.20,20.26,0.18,0.44,NA,NA,0.13,0.20,29.49,74.20,0.45,281.73,NA,0.00,55.20,812.88,NA
2025-09-26 00:00:00,11.55,39.12,3.66,15.93,19.58,18.34,5.13,0.26,20.79,0.19,0.45,NA,NA,0.13,0.20,28.36,78.57,0.42,276.02,NA,0.00,99.87,815.57,NA
2025-09-27 00:00:00,10.31,30.26,3.77,16.32,20.09,18.94,6.04,0.27,22.67,0.19,0.45,NA,NA,0.13,0.21,28.28,85.44,0.40,255.03,NA,0.00,75.71,804.19,NA
2025-09-28 00:00:00,9.77,29.43,3.82,16.53,20.35,19.20,7.88,0.19,16.46,0.20,0.44,NA,NA,0.13,0.20,28.63,83.56,0.37,237.68,NA,0.00,75.25,807.39,NA
2025-09-29 00:00:00,14.28,35.96,3.64,15.73,19.37,18.35,8.88,0.23,22.96,0.20,0.46,NA,NA,0.13,0.22,28.37,80.22,0.36,260.65,NA,0.00,85.94,807.67,NA
2025-09-30 00:00:00,12.65,41.69,3.79,16.36,20.13,18.91,5.54,0.48,21.22,0.20,0.45,NA,NA,0.13,0.20,28.84,78.12,0.33,266.47,NA,0.00,79.54,818.05,NA
2025-10-01 00:00:00,15.07,36.40,3.74,16.10,19.84,18.70,3.46,0.30,26.30,0.19,0.45,NA,NA,0.12,0.21,28.70,82.10,0.28,250.86,NA,0.00,104.84,801.81,NA
2025-10-02 00:00:00,7.65,26.45,3.65,15.95,19.60,18.52,3.40,0.22,32.34,0.19,0.44,NA,NA,0.13,0.21,28.56,88.16,0.23,248.87,NA,0.00,156.84,801.39,NA
2025-10-03 00:00:00,9.53,29.33,3.78,16.43,20.21,18.89,6.44,0.27,25.81,0.20,0.44,NA,NA,0.13,0.22,29.31,82.20,0.22,227.49,NA,0.00,84.37,827.16,NA
2025-10-04 00:00:00,10.48,30.27,3.73,16.07,19.79,18.58,1.66,0.31,31.26,0.20,0.44,NA,NA,0.12,0.22,29.32,85.15,0.23,215.90,NA,0.00,87.29,828.74,NA
2025-10-05 00:00:00,10.50,32.28,3.79,16.36,20.15,18.91,2.83,0.25,25.36,0.20,0.45,NA,NA,0.13,0.20,29.49,79.01,0.31,258.95,NA,0.00,150.06,816.94,NA
2025-10-06 00:00:00,14.29,42.63,3.80,16.44,20.23,18.91,5.95,0.35,26.99,0.20,0.45,NA,NA,0.13,0.20,29.33,74.63,0.25,268.15,NA,0.00,100.03,825.79,NA
2025-10-07 00:00:00,16.46,46.92,3.58,15.52,19.09,18.10,4.40,0.32,31.07,0.20,0.46,NA,NA,0.12,0.21,29.36,71.50,0.30,218.71,NA,0.00,113.96,822.59,NA
2025-10-08 00:00:00,18.40,48.62,3.65,15.76,19.41,18.43,4.46,0.31,30.18,0.20,0.46,NA,NA,0.13,0.21,29.11,81.21,0.39,178.50,NA,0.00,76.61,814.52,NA
2025-10-09 00:00:00,15.40,41.66,4.03,17.47,21.47,20.00,4.85,0.34,31.33,0.20,0.45,NA,NA,0.13,0.20,29.40,80.82,0.21,229.80,NA,0.00,123.26,816.85,NA
2025-10-10 00:00:00,12.76,44.16,4.18,17.87,22.00,20.29,2.72,0.32,23.44,0.20,0.45,NA,NA,0.14,0.22,28.61,88.40,0.44,164.01,NA,0.00,319.93,815.46,NA
2025-10-11 00:00:00,15.01,45.94,3.95,16.94,20.87,19.57,8.00,0.40,21.94,0.19,0.45,NA,NA,0.13,0.21,28.62,88.06,0.31,102.33,NA,0.00,363.31,811.43,NA
2025-10-12 00:00:00,21.40,58.65,3.65,15.70,19.36,18.37,11.18,0.31,23.47,0.20,0.44,NA,NA,0.12,0.21,29.29,84.37,0.50,79.05,NA,0.00,180.50,808.59,NA
2025-10-13 00:00:00,27.27,75.24,3.90,16.80,20.68,19.40,54.19,0.37,35.28,0.19,0.45,NA,NA,0.13,0.21,30.61,55.56,0.58,99.02,NA,0.00,97.85,812.44,NA
2025-10-14 00:00:00,23.75,61.38,3.96,17.25,21.18,19.74,9.81,0.31,32.28,0.21,0.43,NA,NA,0.13,0.22,29.22,82.62,0.66,73.95,NA,0.00,105.13,817.67,NA
2025-10-15 00:00:00,14.22,53.93,3.70,16.09,19.85,18.56,2.57,0.26,24.31,0.21,0.45,NA,NA,0.12,0.21,28.69,86.30,0.69,76.73,NA,0.00,82.36,827.47,NA
2025-10-16 00:00:00,13.97,46.56,4.12,17.14,21.06,19.56,1.27,0.45,24.44,0.19,0.44,NA,NA,0.13,0.21,28.85,85.96,0.62,85.63,NA,0.00,75.92,819.19,NA
2025-10-17 00:00:00,14.25,47.93,3.73,16.06,19.79,18.65,2.58,0.34,22.98,0.19,0.46,NA,NA,0.13,0.21,28.74,91.67,0.79,64.92,NA,0.00,133.58,833.55,NA
2025-10-18 00:00:00,18.14,49.86,3.70,15.91,19.61,18.51,3.18,0.30,25.90,0.22,0.49,NA,NA,0.14,0.22,29.07,85.31,0.75,98.81,NA,0.00,100.39,812.40,NA
2025-10-19 00:00:00,14.25,39.49,3.72,15.78,19.49,18.52,2.62,0.37,25.12,0.26,0.53,NA,NA,0.10,0.24,28.90,88.71,0.41,93.93,NA,0.00,111.71,773.93,NA
2025-10-20 00:00:00,13.69,39.70,4.76,18.91,23.66,22.19,5.26,0.30,22.24,0.27,0.57,NA,NA,0.12,0.27,28.65,88.04,0.44,93.77,NA,0.00,282.56,790.88,NA
2025-10-21 00:00:00,14.81,40.53,5.77,18.20,23.98,23.24,9.79,0.39,20.90,0.27,0.63,NA,NA,0.15,0.32,26.96,92.31,0.58,71.78,NA,0.00,88.52,826.69,NA
2025-10-22 00:00:00,15.33,39.57,5.49,18.20,23.67,22.23,5.62,0.37,20.39,0.19,0.35,NA,NA,0.12,0.15,24.69,97.43,0.52,91.52,NA,0.00,187.87,838.83,NA
2025-10-23 00:00:00,16.26,41.01,4.30,17.15,21.41,20.00,6.89,0.25,26.88,0.20,0.44,NA,NA,0.14,0.19,23.79,86.39,0.37,199.93,NA,0.00,122.77,845.00,NA
2025-10-24 00:00:00,9.59,29.60,4.10,16.87,20.72,19.37,9.82,0.21,23.17,0.20,0.44,NA,NA,0.14,0.18,25.47,81.64,0.33,211.98,NA,0.00,48.03,820.04,NA
2025-10-25 00:00:00,12.43,31.02,3.68,15.82,19.50,18.42,1.10,0.33,30.73,0.20,0.43,NA,NA,0.14,0.17,25.72,83.16,0.23,192.78,NA,0.00,271.01,807.13,NA
2025-10-26 00:00:00,9.64,29.66,3.61,15.50,19.10,18.16,8.22,0.28,28.59,0.20,0.43,NA,NA,0.14,0.18,26.09,78.06,0.24,230.56,NA,0.00,74.11,806.57,NA
2025-10-27 00:00:00,10.95,35.37,3.85,16.82,20.67,19.32,5.53,0.29,22.96,0.20,0.43,NA,NA,0.15,0.18,24.30,90.20,0.26,258.00,NA,0.00,41.16,828.51,NA
2025-10-28 00:00:00,17.89,41.35,3.48,15.80,19.27,18.02,4.69,0.30,26.84,0.20,0.42,NA,NA,0.14,0.18,23.32,91.19,0.26,256.89,NA,0.00,100.50,859.51,NA
2025-10-29 00:00:00,12.84,34.23,3.99,17.94,21.97,20.11,3.38,0.25,28.38,0.19,0.44,NA,NA,0.14,0.17,23.39,86.19,0.33,241.89,NA,0.00,56.43,860.60,NA
2025-10-30 00:00:00,12.66,34.20,4.02,17.84,21.84,19.95,3.58,0.30,34.53,0.21,0.43,NA,NA,0.13,0.18,24.72,76.50,0.29,238.66,NA,0.00,89.52,850.19,NA
2025-10-31 00:00:00,15.05,39.40,3.81,16.68,20.47,19.13,9.65,0.29,27.51,0.20,0.43,NA,NA,0.13,0.18,25.81,74.73,0.26,236.39,NA,0.00,101.77,842.85,NA
2025-11-01 00:00:00,14.04,38.74,3.66,16.02,19.66,18.41,2.72,0.27,34.48,0.20,0.42,NA,NA,0.13,0.18,25.79,72.22,0.23,248.06,NA,0.00,108.10,787.37,NA
2025-11-02 00:00:00,16.37,59.60,3.63,15.69,19.33,18.33,3.88,0.44,25.93,0.20,0.44,NA,NA,0.14,0.18,25.60,82.78,0.23,208.05,NA,0.00,74.53,788.38,NA
2025-11-03 00:00:00,16.23,50.92,3.88,17.01,20.75,19.33,9.43,0.52,24.91,0.21,0.43,NA,NA,0.14,0.17,25.13,89.03,0.20,212.65,NA,0.00,82.11,807.36,NA
2025-11-04 00:00:00,10.61,50.20,4.22,18.72,22.82,20.80,5.32,0.39,22.21,0.21,0.43,NA,NA,0.12,0.18,25.82,79.59,0.21,217.94,NA,0.00,94.47,834.47,NA
2025-11-05 00:00:00,9.62,50.53,3.89,17.26,21.12,19.36,11.15,0.28,21.83,0.20,0.42,NA,NA,0.13,0.17,26.16,79.22,0.25,184.45,NA,0.00,73.73,848.40,NA
2025-11-06 00:00:00,9.19,48.57,3.99,17.47,21.44,19.86,18.80,0.39,28.86,0.20,0.43,NA,NA,0.15,0.18,25.86,65.61,0.20,254.55,NA,0.00,118.37,835.77,NA
2025-11-07 00:00:00,12.81,57.26,4.18,17.89,21.92,20.13,2.34,0.53,28.90,0.19,0.43,NA,NA,0.15,0.18,25.57,76.60,0.25,188.34,NA,0.00,131.03,834.99,NA
2025-11-08 00:00:00,13.49,70.21,3.71,16.25,19.95,18.60,5.80,0.47,17.64,0.20,0.43,NA,NA,0.15,0.18,25.48,79.05,0.41,88.01,NA,0.00,61.63,838.46,NA
2025-11-09 00:00:00,12.88,67.80,3.80,16.55,20.33,18.90,6.54,0.47,23.08,0.20,0.42,NA,NA,0.13,0.17,25.32,58.67,0.39,128.07,NA,0.00,89.57,835.28,NA
2025-11-10 00:00:00,13.94,73.39,3.82,16.67,20.47,19.06,9.35,0.74,35.08,0.21,0.43,NA,NA,0.14,0.19,25.08,63.86,0.16,139.14,NA,0.00,83.40,833.71,NA
2025-11-11 00:00:00,15.37,90.53,3.68,15.91,19.58,18.42,5.24,0.78,41.48,0.21,0.42,NA,NA,0.14,0.20,25.90,79.21,0.15,192.27,NA,0.00,64.24,825.84,NA
2025-11-12 00:00:00,32.83,82.78,4.00,17.54,21.27,19.84,6.22,0.48,38.28,0.20,0.43,NA,NA,0.14,0.17,26.12,76.81,0.51,87.79,NA,0.00,65.07,832.74,NA
2025-11-13 00:00:00,35.62,81.64,4.11,18.35,22.61,20.50,4.68,0.50,36.86,0.19,0.42,NA,NA,0.15,0.18,26.02,76.27,0.53,88.71,NA,0.00,68.05,835.20,NA
2025-11-14 00:00:00,32.65,88.03,3.69,15.69,19.33,18.00,4.46,0.48,30.36,0.19,0.42,NA,NA,0.15,0.18,25.44,80.22,0.72,71.10,NA,0.00,51.72,849.80,NA
2025-11-15 00:00:00,36.79,96.61,3.93,16.74,20.62,19.39,6.35,0.37,21.41,0.21,0.42,NA,NA,0.13,0.17,24.95,77.85,0.43,67.34,NA,0.00,73.76,840.15,NA
2025-11-16 00:00:00,35.03,89.96,3.73,16.18,19.90,18.68,5.62,0.43,16.49,0.19,0.44,NA,NA,0.13,0.18,25.06,76.70,0.77,51.68,NA,0.00,70.41,844.79,NA
2025-11-17 00:00:00,25.81,83.37,4.03,17.58,21.59,19.85,3.63,0.45,27.77,0.21,0.44,NA,NA,0.14,0.18,25.15,78.86,0.76,53.08,NA,0.00,67.86,850.08,NA
2025-11-18 00:00:00,17.28,73.78,3.96,17.36,21.31,19.58,3.50,0.47,37.49,0.21,0.43,NA,NA,0.14,0.18,24.93,85.50,0.89,54.35,NA,0.00,50.32,850.63,NA
2025-11-19 00:00:00,11.98,46.23,3.67,16.21,19.69,18.47,3.98,0.39,26.79,0.19,0.43,NA,NA,0.13,0.18,25.19,83.96,0.65,70.88,NA,0.00,83.63,850.28,NA
2025-11-20 00:00:00,12.57,73.15,3.86,17.05,20.91,19.50,3.97,0.47,17.69,0.20,0.43,NA,NA,0.14,0.17,25.44,80.48,0.49,65.64,NA,0.00,143.97,842.91,NA
2025-11-21 00:00:00,12.11,61.61,3.91,17.28,21.20,19.49,2.46,0.40,29.33,0.21,0.43,NA,NA,0.14,0.17,26.46,83.32,0.73,62.64,NA,0.00,110.49,823.98,NA
2025-11-22 00:00:00,9.17,44.36,3.85,16.69,20.54,19.25,3.81,0.35,26.14,0.20,0.43,NA,NA,0.15,0.18,27.35,87.67,0.81,67.32,NA,0.00,83.70,823.96,NA
2025-11-23 00:00:00,7.73,39.22,3.92,16.56,20.36,19.18,3.17,0.25,10.33,0.20,0.44,NA,NA,0.13,0.18,26.79,95.24,0.71,72.67,NA,0.00,37.36,823.83,NA
2025-11-24 00:00:00,7.65,40.28,3.86,16.79,20.65,19.27,4.07,0.26,20.84,0.21,0.44,NA,NA,0.14,0.17,27.22,83.91,0.70,78.31,NA,0.00,78.13,828.07,NA
2025-11-25 00:00:00,23.03,72.82,3.89,16.27,20.08,18.95,6.81,0.34,32.41,0.20,0.43,NA,NA,0.14,0.18,27.36,73.14,0.82,68.88,NA,0.00,93.35,843.31,NA
2025-11-26 00:00:00,34.08,81.83,3.77,16.22,19.99,18.86,3.62,0.34,25.54,0.21,0.42,NA,NA,0.14,0.18,26.73,76.97,0.65,74.93,NA,0.00,98.22,837.06,NA
2025-11-27 00:00:00,35.53,91.52,3.86,16.72,20.57,19.30,4.00,0.37,31.21,0.21,0.44,NA,NA,0.13,0.18,25.71,75.81,0.79,61.81,NA,0.00,111.80,831.25,NA
2025-11-28 00:00:00,44.57,99.55,3.84,16.77,20.57,19.12,3.33,0.67,25.95,0.21,0.42,NA,NA,0.15,0.18,24.25,78.00,0.63,52.86,NA,0.00,65.45,831.05,NA
2025-11-29 00:00:00,44.02,103.58,3.86,16.99,20.87,19.46,3.28,0.57,34.05,0.21,0.43,NA,NA,0.14,0.18,23.10,79.99,0.58,67.43,NA,0.00,42.86,831.87,NA
2025-11-30 00:00:00,23.25,72.39,3.82,16.64,20.45,19.08,3.77,0.51,24.21,0.20,0.43,NA,NA,0.14,0.19,22.54,87.61,0.23,119.32,NA,0.00,116.37,830.55,NA
2025-12-01 00:00:00,16.17,54.97,3.65,15.85,19.50,18.41,4.91,0.52,20.91,0.20,0.44,NA,NA,0.14,0.18,24.27,85.92,0.49,57.37,NA,0.00,93.85,833.85,NA
2025-12-02 00:00:00,17.54,62.14,3.80,16.35,20.15,18.96,4.03,0.53,29.57,0.20,0.43,NA,NA,0.15,0.18,26.31,80.45,0.41,89.74,NA,0.00,83.36,834.74,NA
2025-12-03 00:00:00,15.64,52.85,3.76,16.32,20.07,18.85,3.57,0.46,21.90,0.20,0.43,NA,NA,0.14,0.19,26.26,89.11,0.96,50.32,NA,0.00,58.73,837.73,NA
2025-12-04 00:00:00,14.11,44.05,3.70,15.99,19.68,18.55,3.71,0.41,23.53,0.20,0.43,NA,NA,0.13,0.17,26.37,84.29,0.76,64.27,NA,0.00,98.76,822.12,NA
2025-12-05 00:00:00,17.33,53.90,3.69,15.86,19.55,18.55,3.41,0.43,25.44,0.20,0.43,NA,NA,0.14,0.18,25.79,90.94,0.77,67.80,NA,0.00,41.91,822.59,NA
2025-12-06 00:00:00,32.28,79.14,3.67,15.97,19.63,18.40,3.79,0.45,33.80,0.21,0.42,NA,NA,0.15,0.18,25.42,78.77,0.49,88.19,NA,0.00,81.85,827.83,NA
2025-12-07 00:00:00,30.10,80.64,3.78,16.21,19.97,18.86,2.94,0.39,26.01,0.20,0.44,NA,NA,0.13,0.18,24.79,81.06,0.51,71.47,NA,0.00,70.85,826.67,NA
2025-12-08 00:00:00,29.84,85.13,3.97,17.25,21.18,19.72,4.58,0.40,26.40,0.20,0.43,NA,NA,0.14,0.18,24.92,64.91,0.59,62.78,NA,0.00,99.15,826.18,NA
2025-12-09 00:00:00,28.47,79.69,3.87,17.00,20.87,19.40,3.89,0.32,34.87,0.20,0.43,NA,NA,0.14,0.18,24.35,69.90,0.53,68.12,NA,0.00,73.81,833.12,NA
2025-12-10 00:00:00,28.74,86.45,3.87,16.95,20.81,19.33,3.98,0.51,39.25,0.21,0.44,NA,NA,0.14,0.19,24.94,66.16,0.69,59.14,NA,0.00,110.28,840.43,NA
2025-12-11 00:00:00,36.66,102.81,3.84,16.40,20.19,18.91,3.70,0.59,39.90,0.20,0.41,NA,NA,0.13,0.19,24.06,64.13,0.63,71.58,NA,0.00,89.14,844.86,NA
2025-12-12 00:00:00,37.60,110.80,3.84,16.69,20.51,19.13,5.59,0.95,37.12,0.19,0.43,NA,NA,0.13,0.18,24.44,62.72,0.53,86.39,NA,0.00,108.78,839.90,NA
2025-12-13 00:00:00,40.00,96.64,3.78,16.38,20.16,18.94,4.53,0.74,43.72,0.20,0.42,NA,NA,0.14,0.18,24.09,58.59,0.45,81.66,NA,0.00,109.00,823.07,NA
2025-12-14 00:00:00,36.07,95.41,3.68,15.82,19.50,18.48,3.64,0.67,36.91,0.20,0.43,NA,NA,0.14,0.19,24.81,56.46,0.41,93.45,NA,0.00,97.24,820.03,NA
2025-12-15 00:00:00,35.79,92.56,3.70,16.00,19.69,18.53,6.21,0.63,39.70,0.21,0.43,NA,NA,0.14,0.17,24.12,59.69,0.61,74.37,NA,0.00,105.19,817.99,NA
2025-12-16 00:00:00,28.53,66.87,3.90,16.77,20.66,19.24,4.83,0.45,34.48,0.20,0.44,NA,NA,0.15,0.19,23.88,77.57,0.71,78.52,NA,0.00,56.77,804.74,NA
2025-12-17 00:00:00,16.71,48.35,3.78,16.37,20.14,18.92,3.56,0.36,28.55,0.20,0.42,NA,NA,0.14,0.18,25.22,69.73,0.89,69.24,NA,0.00,75.75,805.96,NA
2025-12-18 00:00:00,25.30,65.70,3.77,16.17,19.94,18.70,5.93,0.49,37.55,0.19,0.43,NA,NA,0.14,0.19,24.56,59.74,0.73,72.99,NA,0.00,118.13,808.31,NA
2025-12-19 00:00:00,45.87,90.03,3.66,15.71,19.37,18.33,4.42,0.70,24.55,0.20,0.44,NA,NA,0.12,0.18,21.87,64.56,0.56,91.38,NA,0.00,64.65,813.81,NA
2025-12-20 00:00:00,37.68,77.27,3.72,16.10,19.82,18.71,5.42,0.63,17.39,0.21,0.44,NA,NA,0.13,0.18,20.53,62.12,0.26,100.85,NA,0.00,86.37,812.45,NA
2025-12-21 00:00:00,34.11,74.89,3.90,16.91,20.79,19.48,4.00,0.54,20.10,0.20,0.43,NA,NA,0.14,0.17,22.11,66.14,0.35,101.37,NA,0.00,87.41,812.95,NA
2025-12-22 00:00:00,34.90,82.51,3.77,16.28,20.05,18.82,4.95,0.52,30.48,0.21,0.44,NA,NA,0.14,0.17,23.19,66.85,0.70,86.16,NA,0.00,81.19,813.51,NA
2025-12-23 00:00:00,27.56,66.12,3.68,15.66,19.34,18.33,3.83,0.67,32.04,0.21,0.43,NA,NA,0.14,0.18,22.14,70.92,0.40,107.53,NA,0.00,77.21,824.52,NA
2025-12-24 00:00:00,36.86,89.33,4.01,16.95,20.82,19.51,6.34,0.53,30.10,0.20,0.43,NA,NA,0.14,0.18,23.88,65.37,0.42,102.03,NA,0.00,83.07,844.95,NA
2025-12-25 00:00:00,37.11,90.33,3.64,15.63,19.27,18.27,3.27,1.00,28.97,0.19,0.42,NA,NA,0.13,0.18,23.87,68.05,0.39,85.72,NA,0.00,80.86,837.90,NA
2025-12-26 00:00:00,33.21,71.36,3.72,16.04,19.75,18.70,3.88,0.60,29.85,0.21,0.43,NA,NA,0.13,0.18,23.75,73.09,0.36,119.37,NA,0.00,58.58,841.04,NA
2025-12-27 00:00:00,33.50,79.00,3.61,15.50,19.11,18.14,3.72,0.80,29.97,0.20,0.42,NA,NA,0.14,0.17,23.87,70.99,0.54,75.16,NA,0.00,76.69,839.93,NA
2025-12-28 00:00:00,34.64,88.30,3.67,15.70,19.37,18.36,3.65,0.67,33.70,0.20,0.43,NA,NA,0.15,0.17,24.03,70.46,0.34,90.18,NA,0.00,86.78,844.00,NA
2025-12-29 00:00:00,37.23,85.15,3.66,15.85,19.51,18.46,4.19,0.72,26.16,0.21,0.43,NA,NA,0.13,0.18,24.41,73.32,0.45,85.98,NA,0.00,83.67,839.65,NA
2025-12-30 00:00:00,36.30,82.59,3.83,16.58,20.40,19.13,3.96,0.57,24.48,0.20,0.42,NA,NA,0.14,0.19,24.93,71.61,0.30,105.04,NA,0.00,69.68,836.26,NA
2025-12-31 00:00:00,35.92,79.70,3.73,16.26,19.99,18.76,4.59,0.59,18.87,0.19,0.43,NA,NA,0.14,0.19,25.16,78.58,0.17,187.74,NA,0.00,90.96,836.92,NA
